||||||||＠||
||||||＠||||
|||＠|||||||
Architecture|Cloud Services|Storage Servers|On Demand|Bug Squashing|Bookmarkers|Solid State Rock|Fiber Cookie|＠||
||||||||＠||
||||||||＠||
|＠|||||||||
|＠|||||||||
||||||||＠||
20-on-20|Cat Battle|Nyanko Coliseum|＠|||||||
||||||＠||||
Squid Bender|Mean Morning Sunbeams|Life Ain't Easy, Kid|＠|||||||
ParaDroid (Expert)|ParaDroid (Insane)|＠||||||||
|||＠|||||||
|||＠|||||||
|＠|||||||||
|||＠|||||||
|||＠|||||||
||＠||||||||
|||＠|||||||
|||＠|||||||
Immortal Allen O'Neill|Attack on Huge Hermit|Jupiter King Convoy|＠|||||||
Devils on the Doorstep (Insane)|＠|||||||||
|||||＠|||||
||||||||＠||
||||||||＠||
|||＠|||||||
|||＠|||||||
||＠||||||||
Fungal Dominance|King of the Table|Funghi Wasn't Built in a Day…|＠|||||||
||＠||||||||
|||||＠|||||
||＠||||||||
||＠||||||||
||＠||||||||
|＠|||||||||
|||＠|||||||
||＠||||||||
PPAP|＠|||||||||
|＠|||||||||
|||||＠|||||
Virus of Love|Explosive Escape|Order/Disorder|＠|||||||
Converging Rays|Fever Time!|World War ALICE|＠|||||||
||＠||||||||
||＠||||||||
|||＠|||||||
||＠||||||||
||＠||||||||
|||＠|||||||
|||＠|||||||
|||＠|||||||
|＠|||||||||